Business Name,Business Address,Business Phone,Business Website,Business Email,Facebook,Twitter,Linkedin,Keyword,Location,Date Extracted
"SmartStyle Hair Salon","SmartStyle Hair Salon, 335 Farmers Market Road #101, WALMART, Waterloo, ON N2V 1A4, Canada","+1 519-884-4256","https://www.smartstyle.com/checkin/52244","","","","","Salon","Waterloo, Canada","2/18/2023 2:24:43 AM"
"So Chiq Studio","So Chiq Studio, 42 Bridgeport Rd E, Waterloo, ON N2J 0B3, Canada","+1 519-885-0420","http://sochiqstudio.com/","","","","","Salon","Waterloo, Canada","2/18/2023 2:24:43 AM"
"Uday Stylist","Uday Stylist, 122 Weber St S, Waterloo, ON N2J 2A7, Canada","+1 226-507-9950","http://www.udaystylist.com/","info@udaystylist.com","","","","Salon","Waterloo, Canada","2/18/2023 2:24:43 AM"
"Heart and Soul Beauty Bar","Heart and Soul Beauty Bar, 11 Erb St E, Waterloo, ON N2J 1L4, Canada","+1 519-722-4669","https://www.heartandsoulbeautybar.com/","info@heartandsoulbeautybar.com","","","","Salon","Waterloo, Canada","2/18/2023 2:24:43 AM"
"Blessed Hair Studio","Blessed Hair Studio, 347 Erb St. W, Waterloo, ON N2L 1W4, Canada","+1 519-208-0061","https://blessedhairstudiokw.com/","","","","","Salon","Waterloo, Canada","2/18/2023 2:24:43 AM"
"At Raymond's Hair & Day Spa","At Raymond's Hair & Day Spa, 550 King St N, Waterloo, ON N2L 5W6, Canada","+1 519-725-2302","http://www.atraymonds.com/","info@atraymonds.com","","","","Salon","Waterloo, Canada","2/18/2023 2:24:43 AM"
"Elz & Greco Hair & Beauty Studio Inc.","Elz & Greco Hair & Beauty Studio Inc., 52 King St N unit B, Waterloo, ON N2J 2W8, Canada","+1 548-288-4114","https://elzandgreco.com/","info@elzandgreco.com","","","","Salon","Waterloo, Canada","2/18/2023 2:24:43 AM"
"Universal Barber & Beauty","Universal Barber & Beauty, 65 University Ave E, Waterloo, ON N2J 2V9, Canada","+1 519-886-3232","https://booksy.com/en-ca/7032_universal-barber-beauty_barbers_970668_waterloo","info@booksy.com","","","","Salon","Waterloo, Canada","2/18/2023 2:24:43 AM"
"Aaina Salon & Spa","Aaina Salon & Spa, 5 Laurel St, Waterloo, ON N2J 2H1, Canada","+1 519-570-0000","http://aainasalon.com/","aainasalon@gmail.com","https://www.facebook.com/aainaspasalon/","","","Salon","Waterloo, Canada","2/18/2023 2:24:43 AM"
"Absolute Hair Studio","Absolute Hair Studio, 8 Regina St N, Waterloo, ON N2J 2Z8, Canada","+1 519-883-3917","http://absolutehair.ca/","info@absolutehair.ca","","","","Salon","Waterloo, Canada","2/18/2023 2:24:43 AM"
"Salon Ninety5","Salon Ninety5, 95 King St S, Waterloo, ON N2J 5A2, Canada","+1 226-899-2416","https://www.instagram.com/salon.ninety5/","info@instagram.com","","","","Salon","Waterloo, Canada","2/18/2023 2:24:43 AM"
"Voila Institute","Voila Institute, 228 King St S, Waterloo, ON N2J 1R3, Canada","+1 519-743-8892","http://www.voilainstitute.com/","","","","","Salon","Waterloo, Canada","2/18/2023 2:24:43 AM"
"Chatters Hair Salon","Chatters Hair Salon, 550 King St N N21, Waterloo, ON N2L 5W6, Canada","+1 519-747-3178","https://locations.chatters.ca/on-waterloo-ONCH28","","","","","Salon","Waterloo, Canada","2/18/2023 2:24:43 AM"
"Tunique Nail + Hair Bar","Tunique Nail + Hair Bar, 425 University Ave E #9h, Waterloo, ON N2K 4C9, Canada","+1 519-744-5081","http://www.tuniquenail.com/","","","","","Salon","Waterloo, Canada","2/18/2023 2:24:43 AM"
"Nandani Beauty Salon Inc.","Nandani Beauty Salon Inc., 500 Glen Forrest Blvd, Waterloo, ON N2L 5G4, Canada","+1 519-885-0550","http://www.facebook.com/nandanibeautysalon","","","","","Salon","Waterloo, Canada","2/18/2023 2:24:43 AM"
"The Fix Hair Lounge","The Fix Hair Lounge, 255 Northfield Dr E Unit#6, Waterloo, ON N2K 0G5, Canada","+1 519-208-6300","https://thefixhairlounge.ca/","","","","","Salon","Waterloo, Canada","2/18/2023 2:24:43 AM"
"Scissors & Razors","Scissors & Razors, 130 Columbia St W unit 212, Waterloo, ON N2L 0G6, Canada","+1 519-804-8845","http://www.scissorsandrazorssalon.com/","info@scissorsandrazorssalon.com","","","","Salon","Waterloo, Canada","2/18/2023 2:24:43 AM"
"Icon hair salon & spa","Icon hair salon & spa, 91 King St N #3, Waterloo, ON N2J 2X3, Canada","+1 519-888-6200","","","","","","Salon","Waterloo, Canada","2/18/2023 2:24:43 AM"
"Fashion Salon","Fashion Salon, 308 Lester St unit 110, Waterloo, ON N2L 0H9, Canada","+1 519-573-1866","https://fashionsalon-hairsalon.business.site/%3Futm_source%3Dgmb%26utm_medium%3Dreferral","","","","","Salon","Waterloo, Canada","2/18/2023 2:24:43 AM"
"Andrew Nuri Hair Studio","Andrew Nuri Hair Studio, 203 Lester St, Waterloo, ON N2L 3W3, Canada","+1 519-745-7772","http://www.andrewnuri.com/203lester/","","","","","Salon","Waterloo, Canada","2/18/2023 2:24:43 AM"
"Urban Nail Studio & Spa","Urban Nail Studio & Spa, 239 Weber St N, Waterloo, ON N2J 3H5, Canada","+1 519-208-7778","","","","","","Salon","Waterloo, Canada","2/18/2023 2:24:43 AM"
"Mosa Beauty Salon","Mosa Beauty Salon, 619 Wild Ginger Ave Unit E30, Waterloo, ON N2V 2X1, Canada","+1 519-342-4630","","","","","","Salon","Waterloo, Canada","2/18/2023 2:24:43 AM"
"Hairizona","Hairizona, 885 Glasgow St, Kitchener, ON N2M 2N7, Canada","+1 519-579-1010","https://www.hairizonasalon.ca/","","","","","Salon","Waterloo, Canada","2/18/2023 2:24:43 AM"
"Coco Salon","Coco Salon, 938 King St W, Kitchener, ON N2G 1G4, Canada","+1 519-208-0995","","","","","","Salon","Waterloo, Canada","2/18/2023 2:24:43 AM"
"Deja Vu Spa","Deja Vu Spa, 201 Royal St, Waterloo, ON N2J 2H8, Canada","+1 519-745-2888","https://www.dejavuspa.ca/","","","","","Salon","Waterloo, Canada","2/18/2023 2:24:43 AM"
"All My Nails Salon","All My Nails Salon, 22 King St S #102, Waterloo, ON N2J 1N8, Canada","+1 519-883-0882","https://www.allmynails.ca/","","","","","Salon","Waterloo, Canada","2/18/2023 2:24:43 AM"
"Mary's Hair Creations","Mary's Hair Creations, 35 Union St E, Waterloo, ON N2J 1B8, Canada","+1 519-578-7260","","","","","","Salon","Waterloo, Canada","2/18/2023 2:24:43 AM"
"Ace Cut Hair Studio 幻彩发艺","Ace Cut Hair Studio 幻彩发艺, 62 Larch St, Waterloo, ON N2L 3R3, Canada","+1 226-929-0666","https://ace-cut-hair-studio.business.site/%3Futm_source%3Dgmb%26utm_medium%3Dreferral","","","","","Salon","Waterloo, Canada","2/18/2023 2:24:43 AM"
"LUXE Nail Bar","LUXE Nail Bar, 95 King St S, Waterloo, ON N2J 1P2, Canada","+1 519-954-0404","http://www.luxenailbar.ca/","info@luxenailbar.ca","","","","Salon","Waterloo, Canada","2/18/2023 2:24:43 AM"
"Inspirit Beauty Lounge","Inspirit Beauty Lounge, 194 King St S, Waterloo, ON N2J 1P9, Canada","+1 519-208-0365","http://www.inspiritbeauty.com/","","","","","Salon","Waterloo, Canada","2/18/2023 2:24:43 AM"
"The Fawn Collective","The Fawn Collective, 18 Fischer-Hallman Rd N Unit 102, Waterloo, ON N2L 2X3, Canada","+1 519-208-1090","http://thefawncollective.ca/","","","","","Salon","Waterloo, Canada","2/18/2023 2:24:43 AM"
"Nail Care Salon","Nail Care Salon, 75 King St S Unit 15, Waterloo, ON N2J 1P2, Canada","+1 519-342-2627","","","","","","Salon","Waterloo, Canada","2/18/2023 2:24:43 AM"
"HeadKuarters","HeadKuarters, 465 Phillip St, Waterloo, ON N2L 6C7, Canada","+1 519-884-6589","http://www.headkuarters.ca/","","https://www.facebook.com/HeadKuartersHairDesign","","","Salon","Waterloo, Canada","2/18/2023 2:24:43 AM"
"Hair Plus","Hair Plus, 338 Albert St Unit 101, Waterloo, ON N2L 0G8, Canada","+1 519-745-5556","http://www.hairpluswaterloo.com/","","","","","Salon","Waterloo, Canada","2/18/2023 2:24:43 AM"
"First Choice Haircutters","First Choice Haircutters, 94 Bridgeport Rd E, Waterloo, ON N2J 2J9, Canada","+1 519-886-2209","https://www.firstchoice.com/checkin/51358","","","","","Salon","Waterloo, Canada","2/18/2023 2:24:43 AM"
"City Style Salon & Barber shop","City Style Salon & Barber shop, Commercial, 330 Phillip St unit 108, Waterloo, ON N2L 3W9, Canada","+1 519-914-0166","https://www.citystylebarbershop.ca/","info@citystylebarbershop.ca","","","","Salon","Waterloo, Canada","2/18/2023 2:24:43 AM"
"Eva's Hairstyling Salon","Eva's Hairstyling Salon, 191 Bridge St W, Waterloo, ON N2K 1K8, Canada","+1 519-884-8919","","","","","","Salon","Waterloo, Canada","2/18/2023 2:24:43 AM"
"Sugar Coated","Sugar Coated, 95 King St S, Waterloo, ON N2J 1P5, Canada","+1 226-989-9187","http://www.sugarcoatedlifestyle.com/","info@sugarcoatedlifestyle.com","","","","Salon","Waterloo, Canada","2/18/2023 2:24:43 AM"
"Lavish Nail And Beauty Spa","Lavish Nail And Beauty Spa, 370 Eastbridge Blvd Unit # 6, Waterloo, ON N2K 4P1, Canada","+1 519-722-1613","https://www.lavish387.com/","","","","","Salon","Waterloo, Canada","2/18/2023 2:24:43 AM"
"California Nails & Spa","California Nails & Spa, 465 Phillip St, Waterloo, ON N2L 6C7, Canada","+1 519-804-9285","http://californianails.ca/","info@californianails.ca","","","","Salon","Waterloo, Canada","2/18/2023 2:24:43 AM"
"Pedi N Nails","Pedi N Nails, 668 Erb St. W B7, Waterloo, ON N2T 2Z7, Canada","+1 519-883-7179","","","","","","Salon","Waterloo, Canada","2/18/2023 2:24:43 AM"
"Ruby Nails","Ruby Nails, 355 Erb St. W, Waterloo, ON N2L 1W4, Canada","+1 519-883-1268","","","","","","Salon","Waterloo, Canada","2/18/2023 2:24:43 AM"
"Aesthetically Yours Clinic","Aesthetically Yours Clinic, 251 Fern Crescent, Waterloo, ON N2V 2P9, Canada","+1 519-746-8217","","","","","","Salon","Waterloo, Canada","2/18/2023 2:24:43 AM"
"Shear Heaven","Shear Heaven, 375 University Ave E, Waterloo, ON N2J 2H2, Canada","+1 519-884-5141","https://shearheavensalon.wordpress.com/","","","","","Salon","Waterloo, Canada","2/18/2023 2:24:43 AM"
"La Belle Beauty Salon & Nail","La Belle Beauty Salon & Nail, 851 Fischer-Hallman Rd, Kitchener, ON N2M 5M8, Canada","+1 519-570-1052","https://www.facebook.com/La-Belle-Beauty-Salon-1682246915352712/","","","","","Salon","Waterloo, Canada","2/18/2023 2:24:43 AM"
"Domani Hair","Domani Hair, 724 Belmont Ave W, Kitchener, ON N2M 1P2, Canada","+1 519-578-0800","http://www.domanihair.ca/","info@domanihair.ca","http://www.facebook.com/pages/Domani-Hair/122996351086103","","","Salon","Waterloo, Canada","2/18/2023 2:24:43 AM"
"Crystal Nail Spa Inc","Crystal Nail Spa Inc, 373 Bridge St W, Waterloo, ON N2K 3K3, Canada","+1 519-886-3333","","","","","","Salon","Waterloo, Canada","2/18/2023 2:24:43 AM"
"Bardot Lash House","Bardot Lash House, 112 King St S, Waterloo, ON N2J 1P5, Canada","+1 519-208-5274","http://www.bardotlashhouse.com/","","","","","Salon","Waterloo, Canada","2/18/2023 2:24:43 AM"
"FAFA Hair Studio","FAFA Hair Studio, 330 Phillip St, Waterloo, ON N2L 3W9, Canada","+1 416-829-2889","","","","","","Salon","Waterloo, Canada","2/18/2023 2:24:43 AM"
"Donna's Hair Design","Donna's Hair Design, 370 University Ave, Waterloo, ON N2K 3N2, Canada","+1 519-885-3220","","","","","","Salon","Waterloo, Canada","2/18/2023 2:24:43 AM"
"Clique Organic Salons","Clique Organic Salons, 851 Fischer-Hallman Rd #5A, Kitchener, ON N2M 5N8, Canada","+1 519-342-1767","http://www.cliqueorganicsalons.com/","info@cliqueorganicsalons.com","","","","Salon","Waterloo, Canada","2/18/2023 2:24:43 AM"
"The Beauty Hub","The Beauty Hub, 110 Weber St N, Waterloo, ON N2J 3G8, Canada","+1 519-589-5909","https://www.beautyhub.salon/","","","","","Salon","Waterloo, Canada","2/18/2023 2:24:43 AM"
"Synergy Esthetics","Synergy Esthetics, 173 Rodney St, Waterloo, ON N2J 1G4, Canada","+1 519-897-1372","http://www.synergyesthetics.ca/","","","","","Salon","Waterloo, Canada","2/18/2023 2:24:43 AM"
"LINDALY NAILS (Waterloo)","LINDALY NAILS (Waterloo), 600 Laurelwood Dr, Waterloo, ON N2V 2V1, Canada","+1 519-883-4046","https://lindalynails.ca/","","","","","Salon","Waterloo, Canada","2/18/2023 2:24:43 AM"
"Crescendo Hair Styling","Crescendo Hair Styling, 128 Weber St N, Waterloo, ON N2J 4E7, Canada","+1 519-885-4680","","","","","","Salon","Waterloo, Canada","2/18/2023 2:24:43 AM"
"July Nail Bar","July Nail Bar, 112 King St S, Waterloo, ON N2J 1P5, Canada","+1 519-208-5274","http://www.julynailbar.com/","","","","","Salon","Waterloo, Canada","2/18/2023 2:24:43 AM"
"The Nail Lounge","The Nail Lounge, 130 Columbia St W Unit 211, Waterloo, ON N2L 0G6, Canada","+1 519-804-8845","https://www.thenaillounge.ca/","","","","","Salon","Waterloo, Canada","2/18/2023 2:24:43 AM"
"Tonyc Salon & Spa","Tonyc Salon & Spa, Conestoga Mall, 550 King St N, Waterloo, ON N2L 5W6, Canada","+1 519-725-6300","","","","","","Salon","Waterloo, Canada","2/18/2023 2:24:43 AM"
"Bj's Hairstyling For Men","Bj's Hairstyling For Men, 20 Spring St E, Waterloo, ON N2J 2L8, Canada","+1 519-884-6361","","","","","","Salon","Waterloo, Canada","2/18/2023 2:24:43 AM"
"Aesthetics By Jayne","Aesthetics By Jayne, 35 Union St E, Waterloo, ON N2J 1B8, Canada","+1 519-578-7260","","","","","","Salon","Waterloo, Canada","2/18/2023 2:24:43 AM"
"Signature Hair Design","Signature Hair Design, 176 Allen St E, Waterloo, ON N2J 1J8, Canada","+1 519-741-1107","","","","","","Salon","Waterloo, Canada","2/18/2023 2:24:43 AM"
"PEDI n NAILS 655 parkside dr, unit 8 on, waterloo","PEDI n NAILS 655 parkside dr, unit 8 on, waterloo, 655 Parkside Dr unit 8, Waterloo, ON N2L 0C7, Canada","+1 226-647-7060","","","","","","Salon","Waterloo, Canada","2/18/2023 2:24:43 AM"
"Golden Hour Salon","Golden Hour Salon, 60 Moore Ave S, Waterloo, ON N2J 1W9, Canada","+1 519-301-5217","","","","","","Salon","Waterloo, Canada","2/18/2023 2:24:43 AM"
"Jolanta's European Spa","Jolanta's European Spa, 125 Park St, Waterloo, ON N2L 1Y4, Canada","+1 519-725-9999","http://www.jolantasspa.com/","","","","","Salon","Waterloo, Canada","2/18/2023 2:24:43 AM"
"Sanctuary Day Spas Waterloo","Sanctuary Day Spas Waterloo, 370 University Ave E, Waterloo, ON N2K 3N2, Canada","+1 519-725-9904","https://www.sanctuarydayspas.com/spa/locations/waterloo/","","","","","Salon","Waterloo, Canada","2/18/2023 2:24:43 AM"
"Regal Nails, Salon & Spa","Regal Nails, Salon & Spa, 335 Farmers Market Rd, Waterloo, ON N2V 0A4, Canada","+1 519-883-8899","http://www.regalnails.com/","","","","","Salon","Waterloo, Canada","2/18/2023 2:24:43 AM"
"The Sugar Cube","The Sugar Cube, 42 Bridgeport Rd E #5, Waterloo, ON N2J 0B3, Canada","+1 519-584-5768","http://www.thesugarcube.ca/","","","","","Salon","Waterloo, Canada","2/18/2023 2:24:43 AM"
"Artline Salon","Artline Salon, 12 Rock Ave, Kitchener, ON N2M 2P1, Canada","+1 519-585-0230","https://artlinesalon.com/","info@artlinesalon.com","","","","Salon","Waterloo, Canada","2/18/2023 2:24:43 AM"
"Studio So Lara","Studio So Lara, 235 Ira Needles Blvd Bldg. C Unit 4, Kitchener, ON N2N 0B2, Canada","+1 519-745-5272","http://www.studiosolara.ca/","","","","","Salon","Waterloo, Canada","2/18/2023 2:24:43 AM"
"PEDI N NAILS","PEDI N NAILS, 50 Westmount Rd N unit 6A, Waterloo, ON N2L 2R5, Canada","+1 519-208-7939","","","","","","Salon","Waterloo, Canada","2/18/2023 2:24:43 AM"
"Rule of 6","Rule of 6, 60 Moore Ave S, Waterloo, ON N2J 1W9, Canada","+1 226-339-3757","","","","","","Salon","Waterloo, Canada","2/18/2023 2:24:43 AM"
"Skin To Soul Esthetics & More","Skin To Soul Esthetics & More, 255 Woolwich St Unit 103, Waterloo, ON N2K 0C8, Canada","+1 519-342-1053","http://www.skintosoul.ca/","anikogere@gmail.com","https://www.facebook.com/pages/Skin-to-Soul/136345246437193","","","Salon","Waterloo, Canada","2/18/2023 2:24:43 AM"
"Flo Hair Lounge","Flo Hair Lounge, 200 Victoria St N, Kitchener, ON N2H 5C6, Canada","+1 519-954-1186","http://www.flohairlounge.com/","johnny@flowhairlounge.com","http://www.facebook.com/pages/Kitchener-ON/FLO-Hair-Lounge/161532647198814?ref=ts","","","Salon","Waterloo, Canada","2/18/2023 2:24:43 AM"
"L Beauty","L Beauty, 50 Westmount Rd N #216, Waterloo, ON N2L 6N9, Canada","+1 647-770-8245","http://www.lbeauty.ca/","","","","","Salon","Waterloo, Canada","2/18/2023 2:24:43 AM"
"Indulgence Studio","Indulgence Studio, 279 Weber St N #1, Waterloo, ON N2J 3H8, Canada","+1 519-404-8941","http://indulgencestudio.ca/","info@indulgencestudio.ca","","","","Salon","Waterloo, Canada","2/18/2023 2:24:43 AM"
"Pino's Salon & Medispa","Pino's Salon & Medispa, 70 Victoria St N, Kitchener, ON N2H 5C2, Canada","+1 519-578-8898","http://www.pinosalon.com/","info@pinosalon.com","","","","Salon","Waterloo, Canada","2/18/2023 2:24:43 AM"
"Nice Haircut Salon & Barbershop","Nice Haircut Salon & Barbershop, 308 Lester St #111, Waterloo, ON N2L 3W6, Canada","+1 226-647-1188","http://nicehaircutbarbershop.com/","","","","","Salon","Waterloo, Canada","2/18/2023 2:24:43 AM"
"Nails for You","Nails for You, 550 King St N, Waterloo, ON N2L 5W6, Canada","+1 519-208-6886","","","","","","Salon","Waterloo, Canada","2/18/2023 2:24:43 AM"
"Mini Beauty Salon","Mini Beauty Salon, 223 Hawkswood Dr, Kitchener, ON N2K 4J2, Canada","+1 519-745-8103","","","","","","Salon","Waterloo, Canada","2/18/2023 2:24:43 AM"
"Serenity Skin Care Studio Laser and MediSpa","Serenity Skin Care Studio Laser and MediSpa, 15 Westmount Rd S Suite 301, Waterloo, ON N2L 2K2, Canada","+1 519-747-2256","http://www.serenityskincarestudio.com/","","","","","Salon","Waterloo, Canada","2/18/2023 2:24:43 AM"
"AV Hair Lounge","AV Hair Lounge, 152 Bridge St W, Waterloo, ON N2K 1K8, Canada","+1 519-635-3993","","","","","","Salon","Waterloo, Canada","2/18/2023 2:24:43 AM"
"Sunday Love","Sunday Love, 120 King St S, Waterloo, ON N2J 1P5, Canada","+1 647-984-7484","","","","","","Salon","Waterloo, Canada","2/18/2023 2:24:43 AM"
"Hollywood Nails Waterloo","Hollywood Nails Waterloo, 36 Northfield Dr E Unit # 15, Waterloo, ON N2L 6A1, Canada","+1 519-725-9595","http://facebook.com/HollywoodNailsWaterloo","","","","","Salon","Waterloo, Canada","2/18/2023 2:24:43 AM"
"The Sonneck House","The Sonneck House, 108 Queen St N, Kitchener, ON N2H 2H5, Canada","+1 519-584-0004","http://www.thesonneckhouse.com/","info@thesonneckhouse.com","","","","Salon","Waterloo, Canada","2/18/2023 2:24:43 AM"
"Gina's College Of Advanced Aesthetics","Gina's College Of Advanced Aesthetics, 385 Weber St N, Waterloo, ON N2J 3J2, Canada","+1 519-886-2998","https://www.ginascollege.com/","info@ginascollege.com","","","","Salon","Waterloo, Canada","2/18/2023 2:24:43 AM"
"Romeo Aveda Salon Kitchener","Romeo Aveda Salon Kitchener, 1 King St W, Kitchener, ON N2G 1A3, Canada","+1 519-208-1080","https://www.romeosalonspa.com/%3Futm_source%3Dgmb%26utm_medium%3Dsearch%26utm_campaign%3Dgmb-kitchener","","","","","Salon","Waterloo, Canada","2/18/2023 2:24:43 AM"
"Romana's Esthetics","Romana's Esthetics, 726 Belmont Ave W, Kitchener, ON N2M 1P2, Canada","+1 519-744-1400","http://www.romanasesthetics.com/","","","","","Salon","Waterloo, Canada","2/18/2023 2:24:43 AM"
"Sugar Savvy Body Sugaring","Sugar Savvy Body Sugaring, 684 Belmont Ave W Unit 102, Kitchener, ON N2M 1N6, Canada","+1 226-929-2451","https://www.sugarsavvy.ca/","","","","","Salon","Waterloo, Canada","2/18/2023 2:24:43 AM"
"Enails","Canada, Ontario, Waterloo, 275Larch St, Enails邮政编码: N2L 3R2","+1 519-954-0888","http://www.enails.ca/","","","","","Salon","Waterloo, Canada","2/18/2023 2:24:43 AM"
"Permanent Makeup, Microblading and Volume Eyelash Extensions By Sumiko","Permanent Makeup, Microblading and Volume Eyelash Extensions By Sumiko, 95 King St S, Waterloo, ON N2J 5A2, Canada","+1 519-616-2311","http://pmu-lashes-aesthetics.com/","info@pmu-lashes-aesthetics.com","","","","Salon","Waterloo, Canada","2/18/2023 2:24:43 AM"
"Nails For You","Nails For You, Bridgeport Plaza, 94 Bridgeport Rd E, Waterloo, ON N2J 2J9, Canada","+1 519-954-1818","","","","","","Salon","Waterloo, Canada","2/18/2023 2:24:43 AM"
"House of Elegance Hair Studio","House of Elegance Hair Studio, 100 Caroline St S, Waterloo, ON N2L 1X5, Canada","+1 519-743-4093","","","","","","Salon","Waterloo, Canada","2/18/2023 2:24:43 AM"
"City Style Barber Shop Inc","City Style Barber Shop Inc، 251 Hemlock Street Commercial 112, Waterloo, ON N2L 3R4, Canada","+1 519-208-4799","https://www.citystylebarbershop.ca/","info@citystylebarbershop.ca","","","","Salon","Waterloo, Canada","2/18/2023 2:24:43 AM"
"The Waters - An Urban Spa Retreat","The Waters - An Urban Spa Retreat, 75 King St S Unit #51 Doors on, Willis Way, Waterloo, ON N2J 1P2, Canada","+1 519-888-7727","http://www.thewatersspa.com/","","","","","Salon","Waterloo, Canada","2/18/2023 2:24:43 AM"
"Luxeappeal Salon","Luxeappeal Salon, 151 Charles St W, Kitchener, ON N2G 1H6, Canada","+1 519-208-7097","http://www.luxeappeal.ca/","","","","","Salon","Waterloo, Canada","2/18/2023 2:24:43 AM"
"Pure + simple Waterloo","Pure + simple Waterloo, 42 Bridgeport Rd E #1, Waterloo, ON N2J 0B3, Canada","+1 226-647-5042","http://www.pureandsimple.ca/","info@pureandsimple.ca","","","","Salon","Waterloo, Canada","2/18/2023 2:24:43 AM"
"Sunshine Kitchener Waterloo Cosmetic Clinic & Medi Spa","Sunshine Kitchener Waterloo Cosmetic Clinic & Medi Spa, 278 Larch St, Waterloo, ON N2L 3R3, Canada","+1 519-208-6669","http://www.kitchenerwaterloomedispa.com/","info@kitchenerwaterloomedispa.com","","","","Salon","Waterloo, Canada","2/18/2023 2:24:43 AM"
"G & T Barber Shop","G & T Barber Shop, 75 King St S, Waterloo, ON N2J 1P2, Canada","+1 519-746-1413","","","","","","Salon","Waterloo, Canada","2/18/2023 2:24:43 AM"
"Hair Looks","Hair Looks, 215 Louisa St, Kitchener, ON N2H 5M6, Canada","+1 519-743-5931","","","","","","Salon","Waterloo, Canada","2/18/2023 2:24:43 AM"
"Splendid Beauty Bar","Splendid Beauty Bar, 33 Erb St. W, Waterloo, ON N2L 1S8, Canada","+1 519-500-7879","","","","","","Salon","Waterloo, Canada","2/18/2023 2:24:43 AM"
"PIERC'D","PIERC'D, 89 King St N, Waterloo, ON N2J 2X3, Canada","+1 905-299-0537","https://piercd.business.site/%3Futm_source%3Dgmb%26utm_medium%3Dreferral","","","","","Salon","Waterloo, Canada","2/18/2023 2:24:43 AM"
"Shear D'Lite","Shear D'Lite, 619 Wild Ginger Ave, Waterloo, ON N2V 2X1, Canada","+1 519-746-2215","","","","","","Salon","Waterloo, Canada","2/18/2023 2:24:43 AM"
"Kourtney.Eva.Hair","Kourtney.Eva.Hair, 33 Erb St. W, Waterloo, ON N2L 1S8, Canada","+1 519-635-2164","https://kourtneyevahair.business.site/","","","","","Salon","Waterloo, Canada","2/18/2023 2:24:43 AM"
"Morrow Salon","Morrow Salon, 70 Samuel St, Kitchener, ON N2H 1P6, Canada","+1 519-954-2820","","","","","","Salon","Waterloo, Canada","2/18/2023 2:24:43 AM"
"Sally Beauty","Sally Beauty, 66 Bridgeport Rd E, Waterloo, ON N2J 2J9, Canada","+1 519-885-9144","https://www.sallybeauty.com/store-details/%3FshowMap%3Dtrue%26horizontalView%3Dtrue%26lat%3D43.469385%26long%3D-80.516226_utm_source%3DGMBlisting%26utm_medium%3Dorganic","","","","","Salon","Waterloo, Canada","2/18/2023 2:24:43 AM"
"Sunset Tan","Sunset Tan, 55 Northfield Dr E, Waterloo, ON N2K 3T6, Canada","+1 519-886-6868","http://www.sunsettan.ca/","info@sunsettan.ca","","","","Salon","Waterloo, Canada","2/18/2023 2:24:43 AM"
"Sassy Salon","Sassy Salon, 50 Ontario St S, Kitchener, ON N2G 1X4, Canada","+1 519-571-9256","","","","","","Salon","Waterloo, Canada","2/18/2023 2:24:43 AM"
"Aesthetic Art","Aesthetic Art, 129 Park St 2nd Floor, Waterloo, ON N2L 1Y4, Canada","+1 519-722-8774","https://www.aestheticart.ca/","info@aestheticart.ca","","","","Salon","Waterloo, Canada","2/18/2023 2:24:43 AM"
"Priscilla Extensions","Priscilla Extensions, 526 Brookmill Crescent, Waterloo, ON N2V 2M1, Canada","+1 519-574-9904","https://www.facebook.com/priscillaextensions","info@facebook.com","","","","Salon","Waterloo, Canada","2/18/2023 2:24:43 AM"
"Bamboo Salon","Bamboo Salon, 1601 Victoria St N, Kitchener, ON N2B 3E6, Canada","+1 519-588-8471","http://www.bamboosalon.ca/","","","","","Salon","Waterloo, Canada","2/18/2023 2:24:43 AM"
"New Looks Hair Salon","New Looks Hair Salon, 345 Lancaster St W, Kitchener, ON N2H 4V4, Canada","+1 519-578-1140","https://www.instagram.com/newlookshairkw/","info@instagram.com","","","","Salon","Waterloo, Canada","2/18/2023 2:24:43 AM"
"AFYA Skin and Body Laser Clinic","AFYA Skin and Body Laser Clinic, 192 King St S, Waterloo, ON N2J 1P9, Canada","+1 226-686-1314","http://afyaskinandbody.com/","info@afyaskinandbody.com","","","","Salon","Waterloo, Canada","2/18/2023 2:24:43 AM"
"Hairbyfaraz","Hairbyfaraz, 33 Erb St. W, Waterloo, ON N2L 1S8, Canada","+1 226-899-2416","","","","","","Salon","Waterloo, Canada","2/18/2023 2:24:43 AM"
"Studio Soul","Studio Soul, House, 448 Gatestone Blvd, Waterloo, ON N2T 2J1, Canada","+1 519-722-7119","http://www.studiosoul.ca/","","","","","Salon","Waterloo, Canada","2/18/2023 2:24:43 AM"
"Sally Beauty","Sally Beauty, 350 The Boardwalk Mall Ln #2, Waterloo, ON N2T 0A6, Canada","+1 519-571-9668","https://www.sallybeauty.com/store-details/%3FshowMap%3Dtrue%26horizontalView%3Dtrue%26lat%3D43.438774%26long%3D-80.562678_utm_source%3DGMBlisting%26utm_medium%3Dorganic","","","","","Salon","Waterloo, Canada","2/18/2023 2:24:43 AM"
"Premium Hair Haven","Premium Hair Haven, 139 Brighton St, Waterloo, ON N2J 4Z5, Canada","+1 289-637-4404","http://premiumhairhaven.com/","info@premiumhairhaven.com","","","","Salon","Waterloo, Canada","2/18/2023 2:24:43 AM"
"Voila Salon Sportsworld","Voila Salon Sportsworld, 4336 King St E, Kitchener, ON N2P 3W6, Canada","+1 519-880-8886","http://www.voilasalon.com/locations/voila-sportsworld/","","","","","Salon","Waterloo, Canada","2/18/2023 2:24:43 AM"
"Lift Beauty","Lift Beauty, INSIDE SALON NINETY5, 95 King St S, Waterloo, ON N2J 1P5, Canada","+1 226-338-6878","http://liftbeauty.ca/","","","","","Salon","Waterloo, Canada","2/18/2023 2:24:43 AM"
"Natural Elegance by Natalie","Natural Elegance by Natalie, 11 Erb St E Unit C, Waterloo, ON N2J 1L4, Canada","+1 289-407-1190","","","","","","Salon","Waterloo, Canada","2/18/2023 2:24:43 AM"
"Gem Spa","Gem Spa, 240 King St S, Waterloo, ON N2J 1B5, Canada","+1 226-240-9050","http://www.gemspa.ca/","","","","","Salon","Waterloo, Canada","2/18/2023 2:24:43 AM"
"飘剪发型工作室","Canada, Ontario, Waterloo, Havendale Pl, 飘剪发型工作室邮政编码: N2T 2T3","+1 519-894-4586","https://tonghairsalon.business.site/%3Futm_source%3Dgmb%26utm_medium%3Dreferral","","","","","Salon","Waterloo, Canada","2/18/2023 2:24:43 AM"
"Tan Unlimited","Tan Unlimited, 55 Northfield Dr E, Waterloo, ON N2L 4E6, Canada","+1 519-886-6868","","","","","","Salon","Waterloo, Canada","2/18/2023 2:24:43 AM"
"Super Dave's Barber Shop","Super Dave's Barber Shop, 20 Spring St E, Waterloo, ON N2J 2X6, Canada","+1 519-747-1890","http://superdavesbarbershop.com/","cheryl.dr@hotmail.com","","","","Salon","Waterloo, Canada","2/18/2023 2:24:43 AM"
"Hair By Linda Love","Hair By Linda Love, 347 Erb St. W, Waterloo, ON N2L 1W4, Canada","+1 226-698-8800","https://www.instagram.com/hairbylindalove/%3Fhl%3Den","info@instagram.com","","","","Salon","Waterloo, Canada","2/18/2023 2:24:43 AM"
"Accent 100 Hair Design","Accent 100 Hair Design, 300 Victoria St S, Kitchener, ON N2M 3A3, Canada","+1 519-745-1173","","","","","","Salon","Waterloo, Canada","2/18/2023 2:24:43 AM"
"Rejuvenate Medical Spa","Rejuvenate Medical Spa, 135 Erb St E #200, Waterloo, ON N2J 1M3, Canada","+1 519-745-9900","http://www.rejuvenatemedspa.ca/","","","","","Salon","Waterloo, Canada","2/18/2023 2:24:43 AM"
"Teknik Salon","Teknik Salon, 1458 Weber St E, Kitchener, ON N2A 2Y5, Canada","+1 519-748-2182","http://www.tekniksalon.com/","","","","","Salon","Waterloo, Canada","2/18/2023 2:24:43 AM"
"The Facial Studio Canada","The Facial Studio Canada, 367 Bankside Dr, Kitchener, ON N2N 3K1, Canada","+1 647-284-2909","http://thefacialstudio.ca/","","","","","Salon","Waterloo, Canada","2/18/2023 2:24:43 AM"
"Headline Barber Shop","Headline Barber Shop, 91 King St N, Waterloo, ON N2J 2X3, Canada","+1 519-888-8220","http://headlinebarbershop2.booksy.com/","","","","","Salon","Waterloo, Canada","2/18/2023 2:24:43 AM"
"Elite Body Bar","Elite Body Bar, 55 Northfield Dr E, Waterloo, ON N2K 3T6, Canada","+1 519-886-6868","","","","","","Salon","Waterloo, Canada","2/18/2023 2:24:43 AM"
"Recharge & Play Wellness Café","Recharge & Play Wellness Café, 550 Parkside Dr Unit B13, Waterloo, ON N2L 5V4, Canada","+1 519-208-7529","http://www.rechargeandplay.com/","","","","","Salon","Waterloo, Canada","2/18/2023 2:24:43 AM"
"Qureshears","Qureshears, 192 Huck Crescent, Kitchener, ON N2N 0A3, Canada","+1 647-391-9867","","","","","","Salon","Waterloo, Canada","2/18/2023 2:24:43 AM"
"Accent On Aesthetics","Accent On Aesthetics, 193 Strange St, Kitchener, ON N2G 1R7, Canada","+1 519-570-1951","","","","","","Salon","Waterloo, Canada","2/18/2023 2:24:43 AM"
"LUXE Nail Bar","LUXE Nail Bar, 125 Seabrook Dr f, Kitchener, ON N2R 0L4, Canada","+1 519-894-1010","http://www.luxenailbar.ca/","info@luxenailbar.ca","","","","Salon","Waterloo, Canada","2/18/2023 2:24:43 AM"
"Curve Hair Studio","Curve Hair Studio, 900 Fairway Crescent, Kitchener, ON N2A 0A1, Canada","+1 519-893-8938","http://www.curvehairstudio.com/","","","","","Salon","Waterloo, Canada","2/18/2023 2:24:43 AM"
"Central Bark Pet Grooming Salon","Central Bark Pet Grooming Salon, 285 Weber St N, Waterloo, ON N2J 3H8, Canada","+1 519-725-7833","http://www.centralbark-kw.ca/","","","","","Salon","Waterloo, Canada","2/18/2023 2:24:43 AM"
"The Cosmetic Surgery Clinic","The Cosmetic Surgery Clinic, 50 Albert St, Waterloo, ON N2L 3S2, Canada","+1 519-746-1132","https://www.thecosmeticsurgeryclinic.ca/%3Futm_source%3Dgoogle%26utm_medium%3Dlocal%26utm_campaign%3Dwaterloo-practice-website","","","","","Salon","Waterloo, Canada","2/18/2023 2:24:43 AM"
"Ku'r Salon & Spa","Ku'r Salon & Spa, 260 Doon S Dr, Kitchener, ON N2P 2L8, Canada","+1 519-896-2111","http://www.kursalonandspa.com/","info@KurSalonAndSpa.com","https://www.facebook.com/pages/Kur-Salon-and-Spa/1","","","Salon","Waterloo, Canada","2/18/2023 2:24:43 AM"
"Nova Moda Hair Studio","Nova Moda Hair Studio, 165-B Victoria St S, Kitchener, ON N2G 2B7, Canada","+1 519-589-8067","http://novamoda.ca/","sonia@novamoda.ca","","","","Salon","Waterloo, Canada","2/18/2023 2:24:43 AM"
"Nil Hairro","Nil Hairro, 730 Belmont Ave W, Kitchener, ON N2M 1P2, Canada","+1 844-645-4247","","","","","","Salon","Waterloo, Canada","2/18/2023 2:24:43 AM"
"Hairstyling 600","Hairstyling 600, 600 Frederick St, Kitchener, ON N2B 2A9, Canada","+1 519-742-2600","","","","","","Salon","Waterloo, Canada","2/18/2023 2:24:43 AM"
"Escape Salon and Day Spa","Escape Salon and Day Spa, 866 Frederick St, Kitchener, ON N2B 2B8, Canada","+1 519-722-4016","http://www.escapebeauty.ca/","info@escapebeauty.ca","https://www.facebook.com/escapesalonanddayspakitchener","","","Salon","Waterloo, Canada","2/18/2023 2:24:43 AM"
"Arista Electrolysis","Arista Electrolysis, 30 Dupont St E, Waterloo, ON N2J 2G9, Canada","+1 519-747-3334","","","","","","Salon","Waterloo, Canada","2/18/2023 2:24:43 AM"
"Eyelashes Kitchener","Eyelashes Kitchener, Bardot lash house, 112 King St S, Kitchener, ON N2K 1A2, Canada","+1 226-989-8137","https://www.instagram.com/eyelasheskitchener/","info@instagram.com","","","","Salon","Waterloo, Canada","2/18/2023 2:24:43 AM"
"Tora Tattoo & TD Laser Clinic","Tora Tattoo & TD Laser Clinic, 7 Young St E, Waterloo, ON N2J 2L2, Canada","+1 519-888-6420","http://toratattoo.com/","","","","","Salon","Waterloo, Canada","2/18/2023 2:24:43 AM"
"Lock Stock & Barrel Salon","Lock Stock & Barrel Salon, 500 Fairway Rd S, Kitchener, ON N2C 1X3, Canada","+1 226-929-8806","http://www.lockstockandbarrelsalon.com/","","","","","Salon","Waterloo, Canada","2/18/2023 2:24:43 AM"
"16 Inspirations Hair Design","16 Inspirations Hair Design, 16 Locust St, Kitchener, ON N2H 1W7, Canada","+1 519-829-0342","","","","","","Salon","Waterloo, Canada","2/18/2023 2:24:43 AM"
"Connie's Esthetic & Nail Studio","","+1 519-745-2347","","","","","","Salon","Waterloo, Canada","2/18/2023 2:24:43 AM"
"Buzz Hair Salon","Buzz Hair Salon, 190 Waterloo Av, Guelph, ON N1H 3J3, Canada","+1 519-827-9696","","","","","","Salon","Waterloo, Canada","2/18/2023 2:24:43 AM"
"Jack And Jill Hairstyling","Jack And Jill Hairstyling, 215 Highland Rd W, Kitchener, ON N2M 3C1, Canada","+1 519-741-8411","","","","","","Salon","Waterloo, Canada","2/18/2023 2:24:43 AM"
"BareBeauty","BareBeauty, 33 Erb St. W, Waterloo, ON N2L 1S8, Canada","+1 519-781-3483","","","","","","Salon","Waterloo, Canada","2/18/2023 2:24:43 AM"
"CoCo Fresh Tea & Juice","CoCo Fresh Tea & Juice, 203 Lester St #3, Waterloo, ON N2L 3W4, Canada","+1 519-725-8885","https://www.facebook.com/cocoteaontario/","","","","","Salon","Waterloo, Canada","2/18/2023 2:24:43 AM"
"Erb & Good Family Funeral Home and Cremation Services","Erb & Good Family Funeral Home and Cremation Services, 171 King St S, Waterloo, ON N2J 1P7, Canada","+1 519-745-8445","http://erbgood.com/","","","","","Salon","Waterloo, Canada","2/18/2023 2:24:43 AM"
"Tora Tattoo & TD Laser Clinic","Tora Tattoo & TD Laser Clinic, 7 Young St E, Waterloo, ON N2J 2L2, Canada","+1 519-888-6420","http://toratattoo.com/","","","","","Salon","Waterloo, Canada","2/18/2023 2:24:43 AM"
"Acqua Quebec Studio & Retreat","Acqua Quebec Studio & Retreat, 30 Quebec St, Guelph, ON N1H 2T5, Canada","+1 519-826-0715","http://www.acquasalon.com/","info@acquasalon.com","","","","Salon","Waterloo, Canada","2/18/2023 2:24:43 AM"
"Nuri Hair Studio Ontario Inc","Nuri Hair Studio Ontario Inc, 450 Westheights Dr, Kitchener, ON N2N 2B9, Canada","+1 519-745-7772","","","","","","Salon","Waterloo, Canada","2/18/2023 2:24:43 AM"
"Bellissima Beauty Spa xo","","+1 519-616-6162","http://www.bellissimabeautyspaxo.com/","","","","","Salon","Waterloo, Canada","2/18/2023 2:24:43 AM"
"Euphoria Spa Waterloo","Euphoria Spa Waterloo, 420 Weber St N Unit #B2, Waterloo, ON N2L 4E7, Canada","+1 519-729-6510","https://euphoria-spa-105124.square.site/","","","","","Salon","Waterloo, Canada","2/18/2023 2:24:43 AM"
"L & L Nails Salon","L & L Nails Salon, 1005 Ottawa St N #9, Kitchener, ON N2A 1H2, Canada","+1 519-896-7122","http://www.llnailssalon.com/","contact@llnailssalon.com","https://www.facebook.com/LL-Nail-Salon-658361757577119/","","","Salon","Waterloo, Canada","2/18/2023 2:24:43 AM"
"The Magic Beauty Room","The Magic Beauty Room, Victoria St N, 151 Victoria St S, Kitchener, ON N2H 5C5, Canada","+1 226-868-7883","","","","","","Salon","Waterloo, Canada","2/18/2023 2:24:43 AM"
"Phil's Grandson's Place","Phil's Grandson's Place, 220 King St N, Waterloo, ON N2J 4Z4, Canada","+1 519-725-3900","http://www.philsgrandsons.com/","info@philsgrandsons.com","","","","Salon","Waterloo, Canada","2/18/2023 2:24:43 AM"
"Maia Zeman","","+1 519-616-4453","http://www.maiazeman.com/","info@maiazeman.com","","","","Salon","Waterloo, Canada","2/18/2023 2:24:43 AM"
"Noon Moment","Noon Moment, 220 King St N, Waterloo, ON N2J 4Z4, Canada","+1 519-208-0331","https://noonmoment.com/","info@noonmoment.com","","","","Salon","Waterloo, Canada","2/18/2023 2:24:43 AM"
"Shear Elegance Unisex Hairstyling","Shear Elegance Unisex Hairstyling, 148 Waterloo St S, Stratford, ON N5A 4B4, Canada","+1 519-273-4781","","","","","","Salon","Waterloo, Canada","2/18/2023 2:24:43 AM"
"Acqua Salon","Acqua Salon, 98 Wyndham St N, Guelph, ON N1H 4E8, Canada","+1 519-826-0715","http://www.acquasalon.com/","info@acquasalon.com","","","","Salon","Waterloo, Canada","2/18/2023 2:24:43 AM"
"20 Minute Manicure by Christine","","+1 519-501-7246","http://www.colorstreet.com/20minmanicure","","","","","Salon","Waterloo, Canada","2/18/2023 2:24:43 AM"
"Romeo Aveda Salon Cambridge","Romeo Aveda Salon Cambridge, 126 Argyle St N, Cambridge, ON N3H 1P6, Canada","+1 519-653-9200","https://www.romeosalonspa.com/%3Futm_source%3Dgmb%26utm_medium%3Dsearch%26utm_campaign%3Dgmb-cambridge","","","","","Salon","Waterloo, Canada","2/18/2023 2:24:43 AM"
"Massage Addict","Massage Addict, 104 King St S, Waterloo, ON N2J 1P5, Canada","+1 519-725-9555","https://www.massageaddict.ca/waterloouptown/","","","","","Salon","Waterloo, Canada","2/18/2023 2:24:43 AM"
"Lait Night","Lait Night, 228 Albert St #1, Waterloo, ON N2L 3T6, Canada","+1 519-884-3300","https://www.laitnight.com/contact","","","","","Salon","Waterloo, Canada","2/18/2023 2:24:43 AM"
"Dream Lash by Alex","","+1 416-951-9211","https://www.instagram.com/dreamlashbyalex/","info@instagram.com","","","","Salon","Waterloo, Canada","2/18/2023 2:24:43 AM"
"Studio So Lara","Studio So Lara, 20 Clair Rd W Unit 7, Guelph, ON N1L 0A8, Canada","+1 519-836-5272","http://www.studiosolara.ca/","","","","","Salon","Waterloo, Canada","2/18/2023 2:24:43 AM"
"Now Tea","Now Tea, 280 Lester St #106, Waterloo, ON N2L 3W5, Canada","+1 519-885-2808","","","","","","Salon","Waterloo, Canada","2/18/2023 2:24:43 AM"
"PetSmart","PetSmart, 663 Erb St. W, Waterloo, ON N2J 3Z4, Canada","+1 519-725-7047","https://www.petsmart.ca/stores/ca/on/waterloo-store2189.html%3Futm_source%3Dgoogle%26utm_medium%3Dorganic%26utm_campaign%3Dgoogle-my-business","info@petsmart.ca","","","","Salon","Waterloo, Canada","2/18/2023 2:24:43 AM"
"Gerri's Beauty Salon","Gerri's Beauty Salon, 480 Waterloo St, Mount Forest, ON N0G 2L3, Canada","+1 519-323-4795","","","","","","Salon","Waterloo, Canada","2/18/2023 2:24:43 AM"
"Gong cha","Gong cha, Commercial, 330 Phillip St Unit 2, Waterloo, ON N2L 3W9, Canada","+1 519-888-1048","https://gong-cha.ca/","info@gong-cha.ca","","","","Salon","Waterloo, Canada","2/18/2023 2:24:43 AM"
"The Alley","The Alley, 170 University Ave W, Waterloo, ON N2L 3E9, Canada","+1 519-208-3988","http://www.the-alley.ca/","hello@the-alley.ca","https://www.facebook.com/TheAlleyCanada/","","","Salon","Waterloo, Canada","2/18/2023 2:24:43 AM"
"Azure Aqua Spa Float & Vichy","Azure Aqua Spa Float & Vichy, 2480 Homer Watson Blvd #6, Kitchener, ON N2P 2R5, Canada","+1 519-893-5391","https://azureaquaspa.com/","","","","","Salon","Waterloo, Canada","2/18/2023 2:24:43 AM"
"Yi Fang Taiwan Fruit Tea","Yi Fang Taiwan Fruit Tea, 50 Westmount Rd N Unit D3, Waterloo, ON N2L 6N9, Canada","+1 519-888-8161","https://yifangteaon.ca/","info@yifangteaon.ca","","","","Salon","Waterloo, Canada","2/18/2023 2:24:43 AM"
"Patayin Tattoo Co.","Patayin Tattoo Co., 920 King St W Unit 2, Kitchener, ON N2G 1G4, Canada","+1 833-728-2946","https://patayin.com/","info@patayin.com","","","","Salon","Waterloo, Canada","2/18/2023 2:24:43 AM"
"Chatime","Chatime, 255 King St N #9, Waterloo, ON N2J 4V2, Canada","+1 519-208-5580","http://chatime.ca/","info@chatime.ca","","","","Salon","Waterloo, Canada","2/18/2023 2:24:43 AM"
"Alli's paws pet grooming","Alli's paws pet grooming, 230 Neilson Ave, Waterloo, ON N2J 2M3, Canada","+1 519-505-0353","https://allispawspetgrooming.ca/","","https://www.facebook.com/profile.php?id=100076363093709","","","Salon","Waterloo, Canada","2/18/2023 2:24:43 AM"
"Chin Hair & Nail Studio","Chin Hair & Nail Studio, 91 Queen St S, Kitchener, ON N2G 4M7, Canada","+1 519-748-0862","","","","","","Salon","Waterloo, Canada","2/18/2023 2:24:43 AM"
"Gerri's Beauty Salon","Gerri's Beauty Salon, 480 Waterloo St, Mount Forest, ON N0G 2L3, Canada","+1 519-323-4795","","","","","","Salon","Waterloo, Canada","2/18/2023 2:24:43 AM"
"All Natural Beauty","All Natural Beauty, 471 Westvale Dr, Waterloo, ON N2T 1S9, Canada","+1 519-743-3836","","","","","","Salon","Waterloo, Canada","2/18/2023 2:24:43 AM"
"Salon Venue","Salon Venue, 1601 Victoria St N, Kitchener, ON N2B 3E6, Canada","+1 519-746-5555","","","","","","Salon","Waterloo, Canada","2/18/2023 2:24:43 AM"
"Geo's Anticafe Lounge","Geo's Anticafe Lounge, 42 Bridgeport Rd E Unit 3, Waterloo, ON N2J 0B3, Canada","+1 519-954-1666","","","","","","Salon","Waterloo, Canada","2/18/2023 2:24:43 AM"
"Monica's Aesthetics","Monica's Aesthetics, 33 Erb St. W, Waterloo, ON N2L 1S8, Canada","+1 519-635-2404","","","","","","Salon","Waterloo, Canada","2/18/2023 2:24:43 AM"
"Conestoga Mall","Conestoga Mall, 550 King St N, Waterloo, ON N2L 6L2, Canada","+1 519-886-5500","https://www.conestogamall.com/%3Futm_source%3Dgoogle_business_profile%26utm_medium%3Dorganic%26utm_campaign%3Dconestoga-mall%26utm_id%3D65346%26y_source%3D1_NzU2NzYyNTctNzE1LWxvY2F0aW9uLndlYnNpdGU%253D","info@conestogamall.com","","","","Salon","Waterloo, Canada","2/18/2023 2:24:43 AM"
"Bridgeport Plaza","Bridgeport Plaza, 94 Bridgeport Rd E, Waterloo, ON N2J 2J9, Canada","+1 519-885-4170","https://fcr.ca/properties/ontario/cambridge-guelph-kitchener-waterloo/bridgeport-plaza/","","","","","Salon","Waterloo, Canada","2/18/2023 2:24:43 AM"
"Puddicombe House","Puddicombe House, 145 Peel St, New Hamburg, ON N3A 1E7, Canada","+1 519-662-2111","http://www.puddicombehouse.com/","","","","","Salon","Waterloo, Canada","2/18/2023 2:24:43 AM"
"Alli's paws pet grooming","Alli's paws pet grooming, 230 Neilson Ave, Waterloo, ON N2J 2M3, Canada","+1 519-505-0353","https://allispawspetgrooming.ca/","","https://www.facebook.com/profile.php?id=100076363093709","","","Salon","Waterloo, Canada","2/18/2023 2:24:43 AM"
"Henry Walser Funeral Home: Funeral & Cremation Services: Kitchener - Waterloo Region","Henry Walser Funeral Home: Funeral & Cremation Services: Kitchener - Waterloo Region, 507 Frederick St, Kitchener, ON N2B 2A5, Canada","+1 519-749-8467","http://henrywalser.com/","","","","","Salon","Waterloo, Canada","2/18/2023 2:24:43 AM"
